step,type,amount,nameOrig,oldbalanceOrg,newbalanceOrig,nameDest,oldbalanceDest,newbalanceDest,isFraud,isFlaggedFraud
162,CASH_OUT,183806.32,C691771226,19391.0,0.0,C1416312719,382572.19,566378.51,0,0
137,PAYMENT,521.37,C203378011,0.0,0.0,M42773300,0.0,0.0,0,0
179,PAYMENT,3478.18,C1698571270,19853.0,16374.82,M643984524,0.0,0.0,0,0
355,PAYMENT,1716.05,C913764937,5769.17,4053.13,M1387429131,0.0,0.0,0,0
354,CASH_IN,253129.93,C2017736577,1328499.49,1581629.42,C407484102,2713220.48,2460090.55,0,0
321,PAYMENT,24768.57,C677695730,21573.0,0.0,M1730854331,0.0,0.0,0,0
305,CASH_OUT,124718.38,C355629677,0.0,0.0,C1090103022,2482527.99,2607246.37,0,0
167,PAYMENT,1464.13,C340132482,60483.0,59018.87,M1065400251,0.0,0.0,0,0
396,TRANSFER,353783.72,C234084293,0.0,0.0,C1474695154,1639764.23,1993547.95,0,0
347,CASH_IN,266999.97,C1187651682,7411271.89,7678271.86,C1593563915,386812.88,119812.91,0,0
15,CASH_IN,53230.73,C938400829,895081.62,948312.35,C360966517,7015146.49,6961915.77,0,0
252,CASH_OUT,195227.91,C835571957,0.0,0.0,C208019830,1256726.0,1451953.91,0,0
38,CASH_OUT,39108.07,C1229108245,0.0,0.0,C986189638,2484800.84,2523908.91,0,0
274,CASH_OUT,417787.06,C1653173465,36702.0,0.0,C339666788,0.0,417787.06,0,0
41,DEBIT,819.35,C1148180455,274494.0,273674.65,C1736487027,923509.57,924328.92,0,0
164,PAYMENT,4017.63,C2092027039,10306.0,6288.37,M69663429,0.0,0.0,0,0
178,PAYMENT,14691.54,C798186271,0.0,0.0,M1518291364,0.0,0.0,0,0
277,CASH_OUT,239121.18,C2047697635,0.0,0.0,C53443461,250452.44,489573.62,0,0
278,CASH_OUT,3167.66,C1593272099,62536.0,59368.34,C1641185696,0.0,0.0,0,0
36,CASH_OUT,270566.57,C300451543,6494.0,0.0,C35275622,0.0,586645.37,0,0
503,PAYMENT,9608.56,C399176677,26809.0,17200.44,M883036381,0.0,0.0,0,0
321,PAYMENT,180.04,C51715786,21007.0,20826.96,M321244343,0.0,0.0,0,0
356,PAYMENT,834.62,C1784154332,20508.0,19673.38,M1710537774,0.0,0.0,0,0
449,CASH_OUT,219979.57,C586477634,50068.0,0.0,C1628505644,48281.99,268261.56,0,0
305,CASH_OUT,258953.67,C1558605799,3617.29,0.0,C1732043491,509480.49,768434.16,0,0
372,CASH_OUT,124885.22,C414002088,0.0,0.0,C1634702191,11406286.43,11531171.65,0,0
334,CASH_IN,198887.55,C1769074270,7453814.02,7652701.56,C1896999135,737163.77,538276.22,0,0
393,PAYMENT,17968.47,C1474318735,0.0,0.0,M77801499,0.0,0.0,0,0
396,CASH_OUT,57701.37,C1233144530,276.0,0.0,C646742480,0.0,57701.37,0,0
203,CASH_OUT,147803.6,C1466310333,73820.0,0.0,C1447041383,249358.35,397161.96,0,0
160,CASH_OUT,200330.14,C1416145951,387.0,0.0,C1538961175,3079166.74,3321302.8,0,0
10,CASH_OUT,377275.45,C1777517449,0.0,0.0,C510508465,2072427.97,2266894.08,0,0
10,PAYMENT,3950.45,C1359750083,0.0,0.0,M2117228884,0.0,0.0,0,0
332,PAYMENT,17678.74,C303909630,0.0,0.0,M1540992892,0.0,0.0,0,0
310,CASH_OUT,97315.53,C1589660978,154925.0,57609.47,C329019865,34596.08,131911.61,0,0
132,PAYMENT,22173.62,C666227771,0.0,0.0,M151537842,0.0,0.0,0,0
37,CASH_IN,221420.51,C1752136098,6648016.21,6869436.72,C1638895667,1042561.5,821141.0,0,0
39,CASH_OUT,629431.23,C1468764171,214049.0,0.0,C1143566273,1163.54,630594.77,0,0
121,PAYMENT,5521.12,C701154420,51674.0,46152.88,M1435299851,0.0,0.0,0,0
281,PAYMENT,2904.77,C1428760355,2041.0,0.0,M593951546,0.0,0.0,0,0
379,CASH_OUT,274751.1,C818489116,55268.44,0.0,C1710356912,0.0,274751.1,0,0
135,CASH_IN,116940.06,C1210938791,8006023.41,8122963.47,C532834573,4174564.42,4057624.36,0,0
325,CASH_OUT,21050.76,C1426952231,0.0,0.0,C9351786,1753480.45,1774531.2,0,0
234,CASH_OUT,152046.3,C1833236526,91550.41,0.0,C1810800169,406602.59,558648.89,0,0
12,CASH_OUT,291182.56,C103483511,11149.0,0.0,C4083263,580539.95,871722.51,0,0
284,PAYMENT,1531.71,C1217007,22881.0,21349.29,M1045046847,0.0,0.0,0,0
262,CASH_OUT,13845.29,C1559714086,0.0,0.0,C1864943711,2477960.52,2491805.8,0,0
230,PAYMENT,1188.95,C109846666,0.0,0.0,M1994337481,0.0,0.0,0,0
180,PAYMENT,12667.7,C1245729476,374871.91,362204.22,M632027364,0.0,0.0,0,0
273,CASH_OUT,65516.41,C1299833458,115018.0,49501.59,C1817619626,0.0,65516.41,0,0
258,PAYMENT,17457.41,C376068989,0.0,0.0,M1117701647,0.0,0.0,0,0
138,PAYMENT,1015.43,C1965186667,0.0,0.0,M666436118,0.0,0.0,0,0
16,CASH_IN,96067.45,C1233635498,1646219.8,1742287.24,C1667842955,130578.67,443125.3,0,0
275,PAYMENT,1604.03,C1063742446,210409.0,208804.97,M1299009178,0.0,0.0,0,0
132,PAYMENT,14330.33,C429956476,33848.77,19518.44,M1398643952,0.0,0.0,0,0
255,CASH_OUT,229110.92,C1483105591,19919.0,0.0,C532804043,0.0,229110.92,0,0
279,PAYMENT,14057.22,C609764432,0.0,0.0,M347000537,0.0,0.0,0,0
372,PAYMENT,14167.99,C623983825,0.0,0.0,M767560827,0.0,0.0,0,0
355,CASH_OUT,138340.69,C1296390600,58350.59,0.0,C203735676,687441.78,825782.46,0,0
158,PAYMENT,9021.0,C1741201742,105202.0,96181.0,M717104782,0.0,0.0,0,0
353,CASH_IN,85955.34,C1506410293,157044.0,242999.34,C836903727,9356940.48,9270985.14,0,0
45,CASH_IN,132823.81,C621024017,9132442.11,9265265.92,C55938931,2725669.69,2592845.88,0,0
355,CASH_IN,422018.23,C1274268347,42596.0,464614.23,C1430543710,5966582.95,5895065.75,0,0
163,CASH_OUT,109480.44,C462695952,35608.0,0.0,C315161875,414605.48,524085.92,0,0
661,CASH_OUT,386838.1,C386635198,0.0,0.0,C623503358,4301043.7,4687881.8,0,0
10,CASH_IN,306069.37,C954200212,30735.0,336804.37,C877277085,32902.0,0.0,0,0
352,CASH_OUT,84782.1,C585202294,105294.0,20511.9,C610837419,325520.54,410302.64,0,0
258,CASH_IN,87999.13,C1340160039,5084256.68,5172255.81,C848292007,11698441.45,11725918.02,0,0
595,PAYMENT,5733.6,C1127215034,20870.0,15136.4,M1967813045,0.0,0.0,0,0
17,PAYMENT,3842.48,C1268829282,20043.0,16200.52,M509511895,0.0,0.0,0,0
182,PAYMENT,8772.84,C1295327703,31132.0,22359.16,M1454306842,0.0,0.0,0,0
376,PAYMENT,5038.94,C124093913,2662.0,0.0,M236380448,0.0,0.0,0,0
308,PAYMENT,32728.65,C637957920,27874.0,0.0,M1862272241,0.0,0.0,0,0
396,CASH_IN,519426.69,C881037104,16722458.72,17241885.4,C1102456557,4663069.38,4143642.69,0,0
9,CASH_OUT,406693.65,C1495450640,0.0,0.0,C1568538856,496364.06,984424.07,0,0
138,CASH_IN,351916.36,C1344953998,8083.0,359999.36,C517862958,43059.3,0.0,0,0
154,PAYMENT,1926.85,C1461463577,607.0,0.0,M1655432737,0.0,0.0,0,0
225,PAYMENT,3202.17,C60034474,732.0,0.0,M1128177813,0.0,0.0,0,0
522,CASH_OUT,144743.02,C1288473590,6017.0,0.0,C832812081,644477.61,789220.62,0,0
131,PAYMENT,853.36,C1116091809,1062.0,208.64,M1134990203,0.0,0.0,0,0
236,PAYMENT,4986.64,C350449781,0.0,0.0,M1348214865,0.0,0.0,0,0
355,CASH_OUT,62040.38,C2026505459,0.0,0.0,C1604920106,2211814.58,2273854.97,0,0
34,CASH_OUT,4740.25,C567587096,0.0,0.0,C9874612,486820.52,301703.03,0,0
161,CASH_OUT,149869.26,C1144525215,50856.0,0.0,C1583635380,223911.52,651220.0,0,0
131,CASH_OUT,20304.22,C1930596174,31432.0,11127.78,C1930946430,12100.36,32404.59,0,0
36,TRANSFER,555624.58,C1618863822,147.0,0.0,C1293851519,164.23,693416.92,0,0
202,PAYMENT,12819.63,C1792324708,0.0,0.0,M1207431887,0.0,0.0,0,0
41,TRANSFER,1028852.71,C1719409828,20246.0,0.0,C1121929205,1041815.86,2070668.57,0,0
426,CASH_IN,283.6,C1811800344,5996440.38,5996723.97,C97261318,1696189.39,1695905.79,0,0
137,CASH_IN,230630.03,C1873367958,3441454.26,3672084.3,C1637201603,979521.53,748891.49,0,0
382,PAYMENT,19578.16,C1212058932,5091.0,0.0,M1939241887,0.0,0.0,0,0
307,PAYMENT,785.1,C947691774,193137.28,192352.18,M751182210,0.0,0.0,0,0
183,PAYMENT,17899.13,C1034602882,11692.0,0.0,M703455353,0.0,0.0,0,0
544,CASH_IN,82914.11,C1280643460,11220.0,94134.11,C1261771408,373996.4,291082.29,0,0
261,CASH_OUT,105677.03,C1479566261,0.0,0.0,C352206686,2456909.13,2562586.16,0,0
205,CASH_OUT,273064.49,C1151728006,0.0,0.0,C765127181,1288210.57,1561275.07,0,0
257,PAYMENT,5130.06,C2035127601,18605.39,13475.33,M297655923,0.0,0.0,0,0
133,PAYMENT,29175.35,C1687143541,40169.0,10993.65,M95427430,0.0,0.0,0,0
35,CASH_OUT,21391.53,C1009250621,42287.0,20895.47,C72220099,0.0,21391.53,0,0
276,CASH_OUT,81595.54,C1360761487,20791.0,0.0,C2080099779,17605.25,99200.79,0,0
520,PAYMENT,29577.2,C660096183,153200.0,123622.8,M1626168174,0.0,0.0,0,0
11,CASH_OUT,253979.48,C1143276839,10760.0,0.0,C403130913,468545.46,722524.93,0,0
48,PAYMENT,9554.61,C1363564844,0.0,0.0,M554123216,0.0,0.0,0,0
404,CASH_OUT,25634.56,C755980216,0.0,0.0,C1368955366,203974.01,229608.56,0,0
239,TRANSFER,213399.85,C1387993569,94501.0,0.0,C451731094,4928202.9,5141602.75,0,0
258,PAYMENT,13195.74,C704340091,0.0,0.0,M1988008393,0.0,0.0,0,0
380,CASH_OUT,245481.3,C1390459460,0.0,0.0,C767064170,699504.78,944986.08,0,0
376,CASH_OUT,173663.28,C1573104468,185.0,0.0,C1971947111,7831.0,181494.29,0,0
382,CASH_IN,174230.84,C878569742,20723.0,194953.84,C1691115286,0.0,0.0,0,0
397,TRANSFER,704477.84,C428185794,0.0,0.0,C521979785,1268527.8,1973005.63,0,0
153,CASH_IN,21310.21,C187211885,20668.0,41978.21,C2012418809,88082.21,66772.0,0,0
257,CASH_OUT,14554.54,C1387236985,0.0,0.0,C975910370,1393557.3,1152887.32,0,0
311,PAYMENT,2981.95,C612627216,41003.0,38021.05,M724525068,0.0,0.0,0,0
379,CASH_IN,30656.51,C141309778,8447254.69,8477911.2,C1449702309,1652056.45,1621399.93,0,0
380,CASH_OUT,139046.77,C224868326,275.0,0.0,C1867125212,613514.29,752561.06,0,0
133,CASH_IN,56403.43,C1707134322,9206963.6,9263367.04,C1675553530,1477712.19,1421308.76,0,0
37,CASH_OUT,112562.54,C1407934575,30133.0,0.0,C1243859034,0.0,0.0,0,0
12,PAYMENT,20419.19,C845225874,1830.0,0.0,M2029635494,0.0,0.0,0,0
274,PAYMENT,884.31,C80308678,1011.0,126.69,M142290929,0.0,0.0,0,0
204,TRANSFER,194605.15,C1056958493,179833.0,0.0,C1461150638,218530.16,413135.31,0,0
229,CASH_IN,408068.76,C485981082,3020954.94,3429023.71,C923350226,3993259.28,3585190.52,0,0
328,CASH_OUT,148278.59,C2061974333,0.0,0.0,C124679985,559236.84,707515.43,0,0
330,PAYMENT,3227.2,C251085802,14432.0,11204.8,M940387582,0.0,0.0,0,0
301,CASH_OUT,133027.88,C1021100132,27144.0,0.0,C1134760074,220791.5,353819.38,0,0
328,CASH_OUT,49939.64,C1436202324,262.0,0.0,C2121672304,74139.08,124078.72,0,0
348,PAYMENT,14129.62,C1039011344,9301.0,0.0,M1034435203,0.0,0.0,0,0
14,CASH_IN,281978.35,C636995181,9947.0,291925.35,C1238735674,737.0,230390.92,0,0
184,CASH_OUT,95504.16,C351014542,55753.0,0.0,C215311903,616691.11,712195.27,0,0
259,TRANSFER,558073.69,C1477071345,0.0,0.0,C1288964156,783207.52,1341281.21,0,0
133,CASH_OUT,62351.34,C1078209136,75280.0,12928.66,C591953123,517241.0,674805.07,0,0
275,PAYMENT,11971.69,C1164296510,94298.0,82326.31,M405800689,0.0,0.0,0,0
230,CASH_IN,77544.27,C1386504158,680274.4,757818.67,C934058959,715136.74,637592.47,0,0
130,CASH_OUT,251510.3,C1423407775,31041.0,0.0,C904084530,0.0,251510.3,0,0
129,CASH_OUT,122967.11,C1733207981,0.0,0.0,C988279892,315922.83,438889.94,0,0
326,CASH_IN,251952.25,C1343048011,8240.0,260192.25,C1986647970,1085036.02,833083.76,0,0
165,PAYMENT,20020.61,C197380205,141116.61,121096.01,M505397400,0.0,0.0,0,0
309,PAYMENT,2748.6,C1131453099,0.0,0.0,M1404110191,0.0,0.0,0,0
207,CASH_OUT,175825.01,C26814107,0.0,0.0,C522619081,178594.62,354419.63,0,0
234,PAYMENT,25106.06,C1226399379,0.0,0.0,M248903664,0.0,0.0,0,0
230,CASH_OUT,57023.97,C871057744,20982.0,0.0,C944801956,1004178.35,1061202.32,0,0
670,CASH_OUT,74103.27,C1515750181,259671.74,185568.47,C2013169541,257370.23,331473.5,0,0
180,CASH_OUT,37891.64,C1250668520,52001.0,14109.36,C385864067,0.0,37891.64,0,0
349,CASH_IN,35086.5,C1273560176,4395781.93,4430868.43,C1860944563,292022.69,256936.19,0,0
277,CASH_IN,82534.5,C425038418,773595.05,856129.55,C168874772,11292790.52,11210256.02,0,0
179,PAYMENT,301.03,C626936838,319073.96,318772.94,M1372563019,0.0,0.0,0,0
231,CASH_OUT,393456.7,C2032832581,1555.0,0.0,C2017937628,41056.34,434513.04,0,0
401,CASH_OUT,118863.93,C1523434016,0.0,0.0,C695235200,140889.72,259753.65,0,0
187,CASH_OUT,1561.78,C584261404,0.0,0.0,C166243665,139168.9,140730.68,0,0
329,CASH_IN,404770.93,C489058843,31400.0,436170.93,C1494859130,269953.19,0.0,0,0
305,PAYMENT,7166.88,C282678300,0.0,0.0,M1187155534,0.0,0.0,0,0
327,CASH_IN,499380.8,C1185547992,1434413.45,1933794.24,C1547202245,626865.52,127484.73,0,0
38,PAYMENT,13119.97,C1502174698,15326.0,2206.03,M1198426298,0.0,0.0,0,0
18,CASH_OUT,19358.73,C1170457575,0.0,0.0,C1422727866,537629.53,556988.26,0,0
380,PAYMENT,7519.23,C1232628334,0.0,0.0,M1236920019,0.0,0.0,0,0
328,PAYMENT,11361.68,C1611197519,51542.0,40180.32,M1975523642,0.0,0.0,0,0
379,CASH_OUT,118961.3,C1820166304,0.0,0.0,C1775809491,1506057.47,1625018.77,0,0
426,PAYMENT,4341.45,C1375932100,0.0,0.0,M655602001,0.0,0.0,0,0
119,CASH_OUT,148070.97,C1672177335,2002.0,0.0,C2121831742,2515489.7,2663560.67,0,0
240,PAYMENT,12492.84,C320540298,468.22,0.0,M1238329933,0.0,0.0,0,0
45,PAYMENT,6473.04,C502803758,41299.72,34826.68,M2030721506,0.0,0.0,0,0
540,PAYMENT,12665.89,C721463239,0.0,0.0,M74458893,0.0,0.0,0,0
495,PAYMENT,10976.29,C1563084786,148427.0,137450.71,M334788005,0.0,0.0,0,0
259,PAYMENT,18397.48,C66083516,0.0,0.0,M1874092314,0.0,0.0,0,0
129,CASH_IN,138507.0,C759624030,5523.0,144030.0,C565550254,786575.37,648068.37,0,0
282,PAYMENT,6964.41,C176649818,2716.0,0.0,M1331578374,0.0,0.0,0,0
254,CASH_IN,370220.37,C1428268466,20071.0,390291.37,C1793851024,89778.12,0.0,0,0
397,CASH_OUT,23164.18,C137191797,20734.0,0.0,C1389965148,1834872.55,1858036.73,0,0
400,TRANSFER,1604990.9,C348597707,0.0,0.0,C165753282,3017624.0,4622614.9,0,0
404,PAYMENT,26276.22,C688768491,227103.52,200827.3,M1795311891,0.0,0.0,0,0
137,CASH_OUT,173404.28,C820833997,16728.0,0.0,C64453840,1366828.92,1540233.19,0,0
278,PAYMENT,3714.61,C66542908,5038.0,1323.39,M1459510436,0.0,0.0,0,0
132,CASH_OUT,315231.94,C679060526,50952.0,0.0,C1538882286,0.0,315231.94,0,0
39,PAYMENT,6136.09,C1584966889,219972.52,213836.44,M603628538,0.0,0.0,0,0
395,PAYMENT,46627.9,C680062523,0.0,0.0,M585375996,0.0,0.0,0,0
210,CASH_IN,72955.07,C449186636,12177753.68,12250708.75,C1158900486,1868927.57,1795972.5,0,0
154,CASH_IN,418737.13,C484812858,2817457.18,3236194.31,C2069269386,2459896.18,2041159.05,0,0
20,TRANSFER,453595.03,C2060837063,0.0,0.0,C957639902,680669.24,1134264.27,0,0
210,CASH_OUT,315238.19,C2105895101,11054.0,0.0,C1165441509,514899.77,830137.96,0,0
16,PAYMENT,363.12,C2094421184,740530.27,740167.15,M1762969862,0.0,0.0,0,0
8,CASH_OUT,15808.02,C1311336999,0.0,0.0,C485423874,73507.28,89315.3,0,0
236,CASH_OUT,6380.8,C622064753,53642.0,47261.2,C853359906,560372.09,566752.89,0,0
181,CASH_IN,238453.09,C903444213,4022912.78,4261365.87,C805432566,3319125.16,3080672.07,0,0
185,CASH_IN,571289.71,C452382641,4699959.64,5271249.35,C664816184,875173.27,352035.21,0,0
132,PAYMENT,32068.6,C2034265661,524466.65,492398.05,M1984743975,0.0,0.0,0,0
163,CASH_IN,205114.46,C148286868,8831862.42,9036976.87,C716691592,315653.79,110539.34,0,0
483,CASH_IN,73805.84,C907728986,7469788.39,7543594.23,C1944894800,425152.49,351346.65,0,0
323,TRANSFER,1140474.16,C814253081,0.0,0.0,C1500998589,3434546.68,4575020.84,0,0
327,PAYMENT,16017.72,C397527070,0.0,0.0,M2101782069,0.0,0.0,0,0
379,CASH_IN,113025.04,C2086171951,898054.15,1011079.18,C1592030215,1221272.8,1108247.77,0,0
236,CASH_OUT,41663.47,C77257572,0.0,0.0,C787781118,1702851.31,1744514.79,0,0
309,CASH_OUT,144375.1,C1958601185,0.0,0.0,C1023969368,520757.02,665132.12,0,0
397,CASH_IN,80793.14,C1246751985,130496.0,211289.14,C1041898220,216790.66,135997.52,0,0
353,CASH_OUT,106987.51,C835177002,0.0,0.0,C1097151528,1279502.5,1386490.0,0,0
33,PAYMENT,11290.06,C1154661403,36051.0,24760.94,M1242381686,0.0,0.0,0,0
381,CASH_IN,35661.78,C1110455571,440.0,36101.78,C1071848863,3339.11,0.0,0,0
181,TRANSFER,132195.25,C1701934694,0.0,0.0,C1598555599,388634.6,520829.86,0,0
379,CASH_OUT,7622.01,C1064348677,4829.0,0.0,C1023560928,448988.2,901763.84,0,0
235,CASH_OUT,84709.85,C1545463754,62572.18,0.0,C622870452,2848932.61,2933642.46,0,0
187,PAYMENT,3393.07,C1446504054,0.0,0.0,M16282130,0.0,0.0,0,0
231,CASH_OUT,34975.52,C684154463,0.0,0.0,C201839570,39898.14,74873.66,0,0
594,DEBIT,1271.01,C778649018,1881.0,609.99,C1891715634,2573079.77,2574350.78,0,0
206,PAYMENT,7284.29,C781383446,0.0,0.0,M896086023,0.0,0.0,0,0
8,PAYMENT,16693.07,C772345783,10200.0,0.0,M2111683444,0.0,0.0,0,0
131,CASH_OUT,324731.73,C301142793,23151.0,0.0,C681107717,0.0,324731.73,0,0
187,CASH_IN,66603.69,C479278956,11575368.71,11641972.4,C573097287,2303154.41,2236550.72,0,0
17,CASH_OUT,462668.1,C1222385491,0.0,0.0,C453211571,11899495.58,12362163.68,0,0
253,PAYMENT,1948.37,C680996757,18736.09,16787.71,M1202888243,0.0,0.0,0,0
331,CASH_OUT,226323.76,C1505711421,0.0,0.0,C870958103,233062.73,459386.48,0,0
186,CASH_OUT,70790.59,C356198335,0.0,0.0,C75474253,2379601.45,2450392.04,0,0
178,PAYMENT,3074.2,C1524177,41519.0,38444.8,M1254577822,0.0,0.0,0,0
17,CASH_OUT,85180.51,C1263273010,0.0,0.0,C1224081716,439358.55,783681.46,0,0
203,CASH_OUT,77425.18,C336292838,0.0,0.0,C2010728617,1783099.45,1860524.63,0,0
228,PAYMENT,85848.84,C1245211602,10736.0,0.0,M1786154890,0.0,0.0,0,0
397,CASH_OUT,70622.64,C869834696,0.0,0.0,C7760531,644400.31,715022.95,0,0
161,CASH_OUT,60111.05,C1278507213,0.0,0.0,C1794985101,112552.07,172663.12,0,0
522,TRANSFER,3635328.11,C743822679,10436.0,0.0,C1534408959,273252.13,3908580.24,0,0
226,CASH_OUT,394788.96,C529683703,46109.0,0.0,C1995685086,878562.21,1273351.17,0,0
236,PAYMENT,7545.25,C22437086,21532.0,13986.75,M1050573533,0.0,0.0,0,0
9,CASH_OUT,513625.95,C1611058489,12561.0,0.0,C794358930,17469.41,436980.32,0,0
687,CASH_IN,273427.82,C865976802,1517274.09,1790701.91,C314337396,2998807.06,2725379.24,0,0
162,PAYMENT,2607.6,C1423098298,21639.0,19031.4,M1743262986,0.0,0.0,0,0
178,PAYMENT,816.44,C1151241925,0.0,0.0,M790365881,0.0,0.0,0,0
306,CASH_IN,152123.98,C807640787,15295473.64,15447597.61,C1831256584,235400.03,83276.05,0,0
130,CASH_IN,193327.4,C1825029150,8163932.05,8357259.46,C884175856,198540.64,5213.23,0,0
203,PAYMENT,8321.61,C1052744794,19643.0,11321.39,M856534679,0.0,0.0,0,0
280,PAYMENT,9334.66,C1009867558,1957.31,0.0,M1961451993,0.0,0.0,0,0
229,CASH_OUT,508328.07,C1975374552,0.0,0.0,C1417835621,1127221.4,1635549.47,0,0
306,CASH_OUT,186551.83,C1073250576,60791.0,0.0,C1532048443,82330.27,268882.1,0,0
323,CASH_IN,114626.33,C1904615049,6026.0,120652.33,C812877271,0.0,0.0,0,0
371,PAYMENT,65523.58,C1987542208,933.0,0.0,M19559947,0.0,0.0,0,0
279,CASH_OUT,279993.03,C1558234184,0.0,0.0,C1833231741,976646.65,1256639.68,0,0
300,PAYMENT,23576.28,C473125802,677285.96,653709.69,M1401192261,0.0,0.0,0,0
134,CASH_IN,341710.58,C1020676450,50416.0,392126.58,C225066163,158876.25,0.0,0,0
252,PAYMENT,14842.26,C1091035709,32048.45,17206.19,M1219660595,0.0,0.0,0,0
301,TRANSFER,11997957.55,C1220505915,0.0,0.0,C845355332,12447196.39,24445153.94,0,0
20,CASH_IN,89068.41,C1718185508,14740.0,103808.41,C1765616902,2990615.54,2901547.13,0,0
228,CASH_OUT,440680.07,C928327430,15841.0,0.0,C169326476,3743431.87,4184111.94,0,0
41,TRANSFER,523111.11,C1112254209,0.0,0.0,C1776207726,1583965.36,2107076.47,0,0
161,PAYMENT,10615.04,C1666038593,39125.36,28510.31,M127990292,0.0,0.0,0,0
403,CASH_OUT,132552.28,C890674813,0.0,0.0,C1938007896,229276.28,361828.56,0,0
377,CASH_IN,98975.8,C335057876,3825123.06,3924098.85,C1278722780,160840.74,61864.94,0,0
323,PAYMENT,2136.11,C2009514257,550023.88,547887.77,M601087520,0.0,0.0,0,0
18,CASH_OUT,34749.34,C283919359,56772.0,22022.66,C783408770,0.0,34749.34,0,0
165,TRANSFER,203737.03,C1160392233,0.0,0.0,C375207823,316220.57,519957.6,0,0
282,CASH_OUT,100969.53,C1568924384,745206.68,644237.16,C1010279436,1120287.73,1221257.26,0,0
188,TRANSFER,166922.22,C803012192,9704.0,0.0,C2088146489,0.0,166922.22,0,0
304,PAYMENT,20246.79,C1603693549,30244.0,9997.21,M630119081,0.0,0.0,0,0
19,TRANSFER,500698.98,C966800981,316628.0,0.0,C133879537,19859.0,0.0,0,0
308,CASH_OUT,151663.59,C1922377125,147.0,0.0,C1765365986,0.0,151663.59,0,0
187,CASH_IN,224391.54,C1261746831,1270931.64,1495323.18,C1708918417,357207.67,132816.13,0,0
351,TRANSFER,888887.16,C348233249,0.0,0.0,C2030416267,1691575.02,2580462.19,0,0
330,PAYMENT,38749.56,C325517621,6065.0,0.0,M1458005166,0.0,0.0,0,0
95,PAYMENT,23709.5,C1582490434,38254.0,14544.5,M1078050780,0.0,0.0,0,0
404,PAYMENT,1002.99,C1796020538,12118.0,11115.01,M1752870897,0.0,0.0,0,0
307,TRANSFER,988204.68,C958273270,0.0,0.0,C898232365,1826796.49,2815001.17,0,0
208,CASH_IN,78946.39,C484904026,91851.0,170797.39,C1036281200,428287.89,349341.5,0,0
279,PAYMENT,3858.9,C1643410812,205800.28,201941.38,M1113193172,0.0,0.0,0,0
137,CASH_OUT,13546.09,C799359975,0.0,0.0,C1461666566,114223.18,127769.28,0,0
177,PAYMENT,1399.22,C1127218122,0.0,0.0,M1236368246,0.0,0.0,0,0
373,CASH_IN,242030.09,C327968675,9325194.11,9567224.2,C1281055286,483873.6,241843.51,0,0
692,PAYMENT,25845.83,C1870187274,0.0,0.0,M1466188419,0.0,0.0,0,0
186,PAYMENT,4.9,C1381665628,96062.26,96057.36,M1614509310,0.0,0.0,0,0
345,PAYMENT,19406.28,C1131402523,190270.6,170864.31,M250666917,0.0,0.0,0,0
207,PAYMENT,22036.15,C494256374,105809.0,83772.85,M615269591,0.0,0.0,0,0
18,CASH_IN,68665.93,C2126971661,8171033.95,8239699.88,C627509762,812274.7,743608.77,0,0
41,PAYMENT,15897.57,C1451191301,38430.0,22532.43,M1344689686,0.0,0.0,0,0
237,CASH_OUT,87250.03,C1543275743,0.0,0.0,C139422286,2075912.87,2163162.9,0,0
375,CASH_IN,67147.7,C559212856,1330147.22,1397294.92,C310164481,124128.2,56980.49,0,0
17,CASH_OUT,211226.92,C395615978,40635.0,0.0,C677216061,0.0,211226.92,0,0
306,PAYMENT,12395.85,C1071419155,51213.96,38818.11,M279900842,0.0,0.0,0,0
11,CASH_IN,285632.03,C886783925,52243.71,337875.74,C132676069,0.0,0.0,0,0
302,PAYMENT,21013.18,C749713553,0.0,0.0,M391493109,0.0,0.0,0,0
353,PAYMENT,4425.8,C643919206,0.0,0.0,M388163040,0.0,0.0,0,0
313,CASH_IN,133241.13,C826706971,10843787.86,10977028.98,C1434976223,346080.19,212839.07,0,0
189,PAYMENT,4640.44,C349939670,31844.0,27203.56,M1751570991,0.0,0.0,0,0
331,CASH_OUT,427503.76,C276800386,27624.0,0.0,C979759312,613947.4,1041451.16,0,0
352,CASH_OUT,165190.18,C149700008,0.0,0.0,C1334234817,1219248.52,1384438.7,0,0
449,TRANSFER,231894.75,C978611121,25644.0,0.0,C1265325259,202654.11,434548.86,0,0
161,CASH_OUT,134528.85,C1291847618,0.0,0.0,C678909421,271816.43,406345.27,0,0
232,PAYMENT,4553.12,C2115840189,0.0,0.0,M766296397,0.0,0.0,0,0
380,PAYMENT,16050.32,C264265832,24360.73,8310.41,M948002841,0.0,0.0,0,0
476,PAYMENT,8988.85,C27243120,7833.0,0.0,M717013071,0.0,0.0,0,0
47,CASH_OUT,238805.3,C1840368517,0.0,0.0,C1965847730,263026.76,501832.06,0,0
161,CASH_OUT,533315.62,C2127290182,0.0,0.0,C1520555969,1514949.19,2541728.38,0,0
12,PAYMENT,17455.94,C1053203516,11155.0,0.0,M699926009,0.0,0.0,0,0
404,PAYMENT,3752.41,C1711353344,10166.0,6413.59,M244767275,0.0,0.0,0,0
159,PAYMENT,595.67,C1263064209,0.0,0.0,M538439346,0.0,0.0,0,0
37,CASH_OUT,49194.93,C1983097959,20683.0,0.0,C1930409721,942001.33,991196.27,0,0
352,PAYMENT,17647.97,C1279016779,0.0,0.0,M2025094125,0.0,0.0,0,0
141,TRANSFER,217365.58,C2112887318,0.0,0.0,C895445016,1493343.36,1710708.94,0,0
33,PAYMENT,349.91,C1729381947,102155.0,101805.09,M651139778,0.0,0.0,0,0
637,PAYMENT,2847.67,C1660954768,0.0,0.0,M1465429761,0.0,0.0,0,0
256,CASH_IN,328660.16,C792477295,24643605.65,24972265.81,C731951816,743203.72,414543.57,0,0
227,CASH_IN,691694.36,C890998824,741162.4,1432856.76,C1004513120,4897628.17,4205933.81,0,0
594,CASH_IN,355077.74,C1007415518,0.0,355077.74,C686904438,3149408.32,2794330.58,0,0
550,CASH_OUT,77380.14,C729461584,0.0,0.0,C575662398,97492.46,174872.6,0,0
251,CASH_OUT,118105.95,C1642294930,17071.01,0.0,C644948876,439941.66,558047.61,0,0
229,PAYMENT,8200.25,C1542922367,11440.0,3239.75,M493987112,0.0,0.0,0,0
37,CASH_IN,294938.98,C950802969,12348.0,307286.98,C1680148953,0.0,0.0,0,0
324,CASH_OUT,285143.18,C136996167,6460.0,0.0,C709802017,87870.7,373013.88,0,0
228,TRANSFER,451718.08,C714913429,11778.0,0.0,C1393088405,49393.6,501111.68,0,0
327,CASH_IN,145514.28,C2105616632,572.0,146086.28,C1294314636,0.0,0.0,0,0
352,PAYMENT,1416.92,C41587712,172461.86,171044.94,M711951585,0.0,0.0,0,0
186,CASH_OUT,324633.29,C180488500,0.0,0.0,C831074981,4240563.47,4565196.77,0,0
14,CASH_IN,356037.76,C105072403,214.0,356251.76,C358587851,0.0,0.0,0,0
621,PAYMENT,388.04,C1360012913,5551.0,5162.96,M1760414180,0.0,0.0,0,0
16,CASH_OUT,13382.68,C1036520392,0.0,0.0,C1944693763,473907.47,604567.47,0,0
305,CASH_OUT,108722.4,C1894234774,7101.0,0.0,C289479177,3671.88,112394.28,0,0
15,CASH_OUT,10980.99,C1048331953,16032.0,5051.01,C2093777729,346728.3,416843.68,0,0
158,PAYMENT,9117.31,C1797493116,308153.0,299035.69,M310745710,0.0,0.0,0,0
347,PAYMENT,44357.36,C738555010,240.0,0.0,M1028522911,0.0,0.0,0,0
381,PAYMENT,10215.92,C792171575,127247.2,117031.29,M1032442072,0.0,0.0,0,0
249,PAYMENT,17555.22,C171525442,0.0,0.0,M1535177085,0.0,0.0,0,0
203,CASH_OUT,249873.27,C1096380680,0.0,0.0,C1997113882,370895.8,620769.07,0,0
229,PAYMENT,20853.31,C358070670,3076.0,0.0,M1005687041,0.0,0.0,0,0
393,CASH_OUT,151597.36,C1192750895,0.0,0.0,C550567230,3082085.02,3233682.38,0,0
329,CASH_OUT,232585.8,C1655164578,165562.0,0.0,C1851618879,2026650.21,2259236.01,0,0
21,CASH_OUT,193646.85,C1308872720,0.0,0.0,C450391449,1584289.82,1777936.67,0,0
331,DEBIT,2919.72,C395584465,10785.0,7865.28,C64097525,106272.31,109192.03,0,0
8,CASH_OUT,35025.56,C1821409160,0.0,0.0,C1323741703,106238.48,1966850.36,0,0
378,CASH_OUT,68342.8,C1654473311,51719.0,0.0,C1856515353,637737.06,565812.34,0,0
428,CASH_IN,165172.6,C1531977735,2590140.06,2755312.66,C251591167,221628.29,56455.69,0,0
38,CASH_OUT,230990.44,C482687046,0.0,0.0,C1843103642,1532626.25,1945749.16,0,0
164,CASH_OUT,274808.04,C923811656,0.0,0.0,C309065968,2584820.79,3960902.05,0,0
299,CASH_IN,45786.65,C948497238,2476041.25,2521827.9,C2115634451,171283.58,125496.93,0,0
376,CASH_OUT,200268.44,C1367284336,20640.0,0.0,C1336811764,477756.06,678024.5,0,0
357,CASH_IN,191353.18,C276044135,4521524.76,4712877.93,C1806825688,593960.23,402607.06,0,0
157,PAYMENT,22774.91,C630326263,0.0,0.0,M859235458,0.0,0.0,0,0
308,PAYMENT,9063.08,C2147126359,242587.29,233524.21,M1683497898,0.0,0.0,0,0
378,CASH_IN,160816.78,C1830717509,8027878.52,8188695.3,C576425762,909528.68,748711.9,0,0
215,PAYMENT,3536.98,C1382192414,2241.22,0.0,M1913523238,0.0,0.0,0,0
188,CASH_IN,210219.54,C1442207392,2908442.89,3118662.43,C759278052,641613.97,431394.43,0,0
249,CASH_OUT,133262.43,C27760409,0.0,0.0,C1391986725,744444.35,877706.78,0,0
279,PAYMENT,2704.36,C1651237467,278488.58,275784.22,M1014667685,0.0,0.0,0,0
184,CASH_OUT,230292.27,C983303136,2083.0,0.0,C43874620,112441.92,335241.68,0,0
400,CASH_OUT,423485.76,C1704926667,49659.0,0.0,C1617186730,0.0,423485.76,0,0
204,CASH_IN,330688.35,C5125882,1076294.1,1406982.45,C1798276972,1213810.2,883121.85,0,0
229,CASH_OUT,40449.91,C64703244,0.0,0.0,C2046067172,3027081.91,3067531.82,0,0
301,CASH_OUT,476298.8,C462014500,0.0,0.0,C1916335772,2010463.39,2486762.19,0,0
203,CASH_OUT,132043.51,C428823553,0.0,0.0,C1550704330,2711094.9,2704640.12,0,0
321,PAYMENT,647.86,C537254855,20912.0,20264.14,M1113872265,0.0,0.0,0,0
251,PAYMENT,25764.72,C258564426,154263.0,128498.28,M422789806,0.0,0.0,0,0
500,CASH_OUT,34958.7,C2042987948,81227.0,46268.3,C1433236989,0.0,34958.7,0,0
22,PAYMENT,12877.22,C1058406915,740280.0,727402.78,M1685735358,0.0,0.0,0,0
323,CASH_IN,312850.64,C1205642418,30496.0,343346.64,C1595965288,0.0,0.0,0,0
592,PAYMENT,2855.88,C1283170944,58594.0,55738.12,M952035449,0.0,0.0,0,0
132,CASH_OUT,111341.32,C2089891434,367645.87,256304.56,C2030815369,544458.75,655800.07,0,0
37,CASH_IN,624723.54,C48767001,82815.0,707538.54,C1708458655,221351.15,0.0,0,0
281,PAYMENT,21766.78,C1218047828,0.0,0.0,M1133823278,0.0,0.0,0,0
8,CASH_IN,172865.19,C425393935,6652090.2,6824955.39,C1805683209,6259226.34,7428081.5,0,0
202,CASH_IN,141892.33,C1200707677,40242.0,182134.33,C2111438828,0.0,0.0,0,0
186,PAYMENT,27246.51,C488415823,1081.0,0.0,M140434064,0.0,0.0,0,0
528,PAYMENT,30939.15,C1131781580,45410.95,14471.81,M1676193258,0.0,0.0,0,0
14,CASH_OUT,72053.03,C1482459206,0.0,0.0,C244401300,471628.0,499311.82,0,0
209,PAYMENT,3285.57,C1687090817,0.0,0.0,M718159710,0.0,0.0,0,0
212,PAYMENT,3545.07,C1963796757,198896.35,195351.28,M1527411282,0.0,0.0,0,0
39,PAYMENT,1555.53,C220455249,0.0,0.0,M1106104274,0.0,0.0,0,0
158,CASH_OUT,216803.7,C2068361010,31471.0,0.0,C115347060,735043.84,951847.53,0,0
178,CASH_IN,206010.19,C824704554,4171222.97,4377233.16,C167175733,682863.34,476853.15,0,0
227,PAYMENT,20916.73,C1575108626,0.0,0.0,M94286603,0.0,0.0,0,0
232,TRANSFER,40052.27,C1560599756,21440.0,0.0,C467089211,3766586.72,3806638.98,0,0
400,CASH_OUT,122300.72,C1037963705,51484.0,0.0,C904159690,0.0,122300.72,0,0
208,CASH_OUT,363240.27,C151502168,0.0,0.0,C1355706409,681084.43,1044324.7,0,0
399,CASH_OUT,98094.55,C1268379677,0.0,0.0,C1751777083,970471.07,1068565.62,0,0
206,PAYMENT,1945.62,C180727854,19942.0,17996.38,M276985026,0.0,0.0,0,0
186,CASH_OUT,215151.03,C1689958171,0.0,0.0,C1694505402,605742.76,820893.79,0,0
322,CASH_OUT,287307.77,C173052623,0.0,0.0,C2023077528,1069474.0,1356781.77,0,0
250,CASH_IN,407359.73,C355346941,1692102.35,2099462.08,C820917061,1529631.96,1122272.22,0,0
356,CASH_OUT,369672.98,C945029298,0.0,0.0,C933066669,2783044.96,3152717.93,0,0
41,PAYMENT,6181.62,C1048769357,0.0,0.0,M1849526991,0.0,0.0,0,0
157,PAYMENT,19809.05,C514426934,124243.53,104434.48,M1177632079,0.0,0.0,0,0
16,CASH_OUT,341986.68,C1603168738,0.0,0.0,C1569736723,810210.16,1525083.7,0,0
20,PAYMENT,4466.85,C606523389,1722.1,0.0,M552931253,0.0,0.0,0,0
256,CASH_IN,314758.83,C1559836246,10791.0,325549.83,C1591568906,145219.51,0.0,0,0
275,TRANSFER,58905.66,C1796650314,0.0,0.0,C423248942,196558.77,255464.43,0,0
469,PAYMENT,10564.56,C1697183637,0.0,0.0,M243577595,0.0,0.0,0,0
403,CASH_OUT,102450.39,C748895238,33190.0,0.0,C1888274124,0.0,102450.39,0,0
211,PAYMENT,22161.32,C159497963,51785.0,29623.68,M1067867146,0.0,0.0,0,0
394,CASH_OUT,106790.47,C673228823,60027.0,0.0,C153980968,153215.55,260006.01,0,0
401,PAYMENT,9813.34,C725327109,0.0,0.0,M2072033007,0.0,0.0,0,0
215,PAYMENT,3432.88,C1158134312,0.0,0.0,M1436471011,0.0,0.0,0,0
96,CASH_IN,76455.68,C8532366,5209018.01,5285473.69,C912290293,4182421.68,4105965.99,0,0
186,PAYMENT,3806.46,C1887033296,10316.83,6510.38,M928050452,0.0,0.0,0,0
137,CASH_OUT,59964.24,C794633160,0.0,0.0,C346197494,244603.07,304567.31,0,0
474,PAYMENT,2722.61,C868481335,0.0,0.0,M716740915,0.0,0.0,0,0
250,CASH_OUT,114975.92,C1134853676,81707.0,0.0,C1292288586,0.0,114975.92,0,0
251,CASH_OUT,347312.7,C152341781,53075.0,0.0,C302470299,1217617.08,1564929.78,0,0
17,PAYMENT,17339.53,C1801118794,100889.0,83549.47,M1266509073,0.0,0.0,0,0
235,CASH_OUT,32562.89,C1428411784,0.0,0.0,C1679264115,314078.36,346641.25,0,0
205,CASH_IN,149128.9,C1170058555,19014041.69,19163170.59,C2017584728,5033319.57,4884190.68,0,0
302,CASH_IN,247691.45,C980217286,29845.38,277536.84,C1096241484,603773.04,356081.59,0,0
136,CASH_IN,48255.07,C1499351231,115997.0,164252.07,C1917096968,106891.0,0.0,0,0
259,CASH_IN,66298.95,C482895817,60969.0,127267.95,C1783041640,0.0,0.0,0,0
154,CASH_IN,363626.22,C6496251,4310395.0,4674021.23,C1189179252,3996984.58,3633358.35,0,0
404,CASH_IN,129349.78,C1791606570,1412490.26,1541840.04,C1580003717,3218832.15,3089482.37,0,0
661,CASH_OUT,96014.77,C683099124,0.0,0.0,C248479470,1088735.94,1184750.71,0,0
284,CASH_IN,169113.53,C93484004,1399225.5,1568339.03,C1451456996,871831.61,702718.08,0,0
348,CASH_OUT,3476.01,C1468272324,40586.0,37109.99,C593320282,73765.4,77241.4,0,0
215,CASH_IN,117211.25,C1962372193,20399.0,137610.25,C1138976639,0.0,0.0,0,0
260,PAYMENT,6291.48,C2124737484,56176.0,49884.52,M1937809253,0.0,0.0,0,0
185,PAYMENT,8375.37,C1530026844,37895.0,29519.63,M863474603,0.0,0.0,0,0
309,CASH_OUT,88615.42,C1177818174,11278.0,0.0,C141342397,3617.75,92233.16,0,0
14,PAYMENT,17541.6,C884796861,12954.7,0.0,M1690394567,0.0,0.0,0,0
279,PAYMENT,1420.82,C727673296,5107.0,3686.19,M589661424,0.0,0.0,0,0
280,CASH_IN,8662.02,C1460661799,131014.0,139676.02,C844303187,0.0,0.0,0,0
321,CASH_IN,415566.51,C187267123,11850.0,427416.51,C1824602300,9511.67,0.0,0,0
11,CASH_IN,737.14,C646250679,10386423.56,10387160.7,C807931439,356168.96,786350.58,0,0
540,CASH_OUT,47481.9,C1703320349,0.0,0.0,C743882634,744897.64,792379.54,0,0
181,CASH_OUT,278732.6,C109090968,32149.0,0.0,C400654029,2420893.86,2699626.46,0,0
371,CASH_IN,166690.54,C168198490,10432269.12,10598959.66,C1124954842,2005032.97,1838342.43,0,0
330,CASH_OUT,370848.51,C1420965573,9940.0,0.0,C1854841307,398546.68,769395.19,0,0
331,CASH_IN,133628.83,C776739325,32166.0,165794.83,C1042358213,4595.15,0.0,0,0
542,CASH_IN,145293.42,C1478317293,2980.0,148273.42,C1336195433,0.0,0.0,0,0
354,PAYMENT,786.44,C1131321836,181051.85,180265.41,M1772307407,0.0,0.0,0,0
301,PAYMENT,1810.14,C1988220199,0.0,0.0,M806673806,0.0,0.0,0,0
256,PAYMENT,2417.77,C2040299426,59106.0,56688.23,M801229895,0.0,0.0,0,0
373,CASH_OUT,117249.99,C532967631,26105.0,0.0,C1557221720,30435.45,147685.44,0,0
404,CASH_OUT,142004.59,C711806970,3316.0,0.0,C464936188,121910.65,263915.24,0,0
357,CASH_OUT,231676.33,C1095112501,0.0,0.0,C1055102556,3637788.68,3869465.0,0,0
132,CASH_OUT,278300.03,C1917553000,1406.0,0.0,C1208018998,1656091.52,2141791.24,0,0
356,TRANSFER,2590333.97,C2060551157,0.0,0.0,C2012026808,2859656.03,5449990.0,0,0
134,CASH_OUT,546652.31,C1802920586,0.0,0.0,C1476610309,6784523.24,7331175.55,0,0
329,CASH_OUT,324609.22,C48679493,82113.0,0.0,C1808999386,344347.01,668956.24,0,0
309,CASH_OUT,86225.56,C1926045395,0.0,0.0,C1129635883,135005.87,221231.43,0,0
426,PAYMENT,11631.53,C2100330771,0.0,0.0,M1848185601,0.0,0.0,0,0
250,CASH_OUT,138087.54,C434497157,0.0,0.0,C24499971,384299.2,522386.74,0,0
178,PAYMENT,8460.8,C1706852057,77718.0,69257.2,M2114526179,0.0,0.0,0,0
397,PAYMENT,6340.43,C1268913839,0.0,0.0,M134711219,0.0,0.0,0,0
154,CASH_IN,207366.5,C958390765,4067443.89,4274810.39,C1336584430,587967.17,713766.93,0,0
383,PAYMENT,9733.56,C1129310007,15315.0,5581.44,M1467327178,0.0,0.0,0,0
226,CASH_OUT,73230.68,C830500142,15318.0,0.0,C898900309,0.0,73230.68,0,0
371,PAYMENT,18436.47,C829577062,20257.0,1820.53,M375131566,0.0,0.0,0,0
183,PAYMENT,23965.21,C427901435,0.0,0.0,M2073368989,0.0,0.0,0,0
302,CASH_OUT,87925.25,C1030680003,50061.0,0.0,C435365761,3641002.11,3728927.36,0,0
399,CASH_OUT,429320.47,C1152775611,0.0,0.0,C2110157840,10976962.34,11406282.82,0,0
10,CASH_IN,22786.17,C27418457,3288491.36,3311277.54,C1144070975,2501114.96,2364068.61,0,0
203,TRANSFER,90076.59,C1594040459,0.0,0.0,C1474332302,136337.98,226414.56,0,0
328,CASH_OUT,95549.82,C590201870,0.0,0.0,C1753221242,268940.74,364490.56,0,0
252,PAYMENT,7947.18,C557993821,0.0,0.0,M1393515392,0.0,0.0,0,0
40,CASH_OUT,205411.83,C497072993,0.0,0.0,C2053630851,276021.3,481433.12,0,0
130,TRANSFER,49028.96,C1672583834,0.0,0.0,C79282252,459789.92,508818.88,0,0
177,PAYMENT,5499.69,C1484961754,16166.0,10666.31,M641546296,0.0,0.0,0,0
236,CASH_OUT,339547.49,C2063714614,211535.0,0.0,C1056670314,0.0,339547.49,0,0
279,CASH_OUT,184433.86,C2012763338,94883.0,0.0,C1752289820,0.0,184433.86,0,0
402,CASH_OUT,193881.19,C2006591627,116377.0,0.0,C1419102945,0.0,193881.19,0,0
303,CASH_OUT,152261.69,C1178641481,28149.0,0.0,C167768781,29106.78,181368.47,0,0
8,CASH_OUT,209164.1,C1605531542,0.0,0.0,C875761527,1300764.44,1238942.28,0,0
208,CASH_OUT,286574.6,C605472698,0.0,0.0,C1762253638,2121464.95,2408039.55,0,0
40,CASH_OUT,58143.88,C31933511,141514.0,83370.12,C1204141754,0.0,58143.88,0,0
134,CASH_OUT,19389.4,C744147761,9959.0,0.0,C40360640,887052.72,906442.11,0,0
16,PAYMENT,19539.84,C637015951,10445.0,0.0,M1028898573,0.0,0.0,0,0
136,CASH_OUT,256494.2,C65129899,0.0,0.0,C219076415,370828.82,627323.02,0,0
276,CASH_OUT,7832.09,C1262668971,0.0,0.0,C615238056,427319.08,435151.17,0,0
36,CASH_IN,3464.31,C799978076,5668584.64,5672048.95,C1128735639,12927.65,386167.99,0,0
157,CASH_OUT,16283.09,C155957415,46284.0,30000.91,C1104780579,9139.06,25422.15,0,0
163,CASH_IN,271938.55,C984523540,20067798.76,20339737.31,C1815545543,1378449.58,1106511.03,0,0
403,CASH_OUT,88777.62,C1742235541,179.0,0.0,C1896221738,2192157.68,2280935.31,0,0
203,PAYMENT,8179.11,C1765144598,17830.46,9651.35,M1023735833,0.0,0.0,0,0
141,PAYMENT,3844.42,C1562103626,1730.0,0.0,M614363123,0.0,0.0,0,0
279,DEBIT,1164.9,C701488017,107485.0,106320.1,C2115233568,1527268.42,1528433.32,0,0
8,PAYMENT,3237.48,C662706285,0.0,0.0,M1834739651,0.0,0.0,0,0
160,CASH_OUT,482259.95,C934027526,60794.0,0.0,C1849602029,5104609.18,5586869.14,0,0
380,PAYMENT,5466.03,C1896561078,0.0,0.0,M831854039,0.0,0.0,0,0
277,CASH_OUT,142668.71,C922371862,0.0,0.0,C2051193844,181472.99,324141.7,0,0
138,CASH_OUT,250567.63,C2075770459,0.0,0.0,C859009954,675552.33,926119.97,0,0
308,PAYMENT,24548.01,C1308676481,446.0,0.0,M224684643,0.0,0.0,0,0
40,CASH_IN,315332.63,C431432211,18976936.18,19292268.81,C988710621,471967.29,156634.66,0,0
277,PAYMENT,9115.76,C1199002314,56532.0,47416.24,M1409545519,0.0,0.0,0,0
277,PAYMENT,11450.12,C968220575,117892.0,106441.88,M1248272626,0.0,0.0,0,0
154,CASH_IN,17669.99,C1915426633,5600.0,23269.99,C83954503,0.0,0.0,0,0
372,CASH_IN,27853.7,C1572032278,1997374.83,2025228.53,C1992278831,174577.09,146723.39,0,0
42,PAYMENT,885.14,C822865010,553896.29,553011.15,M125131831,0.0,0.0,0,0
161,CASH_OUT,263270.68,C28504171,92686.0,0.0,C2010431707,0.0,263270.68,0,0
210,CASH_IN,111584.6,C1685388443,3465722.02,3577306.62,C275108098,2584843.56,2473258.96,0,0
525,CASH_IN,238942.83,C455049227,90397.78,329340.6,C1352148970,20791586.03,20552643.2,0,0
136,PAYMENT,8215.62,C1034173103,118490.28,110274.66,M1840715486,0.0,0.0,0,0
332,PAYMENT,7419.61,C2009251127,25329.0,17909.39,M911681856,0.0,0.0,0,0
237,CASH_OUT,141096.85,C21544738,39842.0,0.0,C2068223545,21213.0,162309.85,0,0
612,CASH_OUT,68402.97,C2080660503,30836.0,0.0,C2126944678,0.0,68402.97,0,0
34,CASH_OUT,407386.32,C1548788425,25328.0,0.0,C1596062467,842600.2,1249986.52,0,0
351,CASH_OUT,210077.58,C649046785,913.0,0.0,C1998499292,170089.44,380167.01,0,0
120,CASH_OUT,544890.56,C1805538854,0.0,0.0,C583331228,2053719.23,2598609.79,0,0
139,CASH_OUT,167869.5,C841478345,48165.0,0.0,C855615468,2989173.5,3157043.0,0,0
321,CASH_IN,206351.02,C1516993897,101822.0,308173.02,C1542582371,540860.44,334509.42,0,0
370,CASH_OUT,249781.41,C930332477,0.0,0.0,C18849508,2326294.43,2576075.84,0,0
352,PAYMENT,15814.75,C1746698240,16598.66,783.91,M1142899698,0.0,0.0,0,0
253,TRANSFER,539510.01,C1566813757,11019.0,0.0,C1233229818,984887.79,1524397.8,0,0
158,CASH_OUT,87646.89,C1165878521,0.0,0.0,C1768464356,3597931.72,3685578.61,0,0
596,PAYMENT,14139.44,C437875601,535559.62,521420.18,M57656214,0.0,0.0,0,0
303,CASH_OUT,211633.16,C556588380,307270.92,95637.75,C1889914876,693794.76,905427.92,0,0
348,CASH_IN,56873.58,C700458019,361.0,57234.58,C614974657,456302.71,399429.13,0,0
180,PAYMENT,3649.81,C94148084,81953.0,78303.19,M473382272,0.0,0.0,0,0
298,CASH_IN,128146.55,C738877956,1603277.07,1731423.62,C1365463591,2182079.87,2053933.32,0,0
178,CASH_IN,223982.0,C1420957751,540.0,224522.0,C2015873709,47833.81,0.0,0,0
327,PAYMENT,11404.46,C1593018901,18012.0,6607.54,M1132947378,0.0,0.0,0,0
352,CASH_IN,124545.18,C680966309,204.0,124749.18,C1635530763,2545493.71,2420948.53,0,0
287,PAYMENT,11921.54,C696266580,694112.79,682191.25,M743821749,0.0,0.0,0,0
306,PAYMENT,15902.84,C527331811,0.0,0.0,M177036329,0.0,0.0,0,0
401,TRANSFER,137326.07,C1847319119,146.0,0.0,C543669175,1711516.43,1848842.5,0,0
